insert into SAMPLE_TERRITORY
(ID, VERSION, CREATE_TS, CREATED_BY, UPDATE_TS, UPDATED_BY, DELETE_TS, DELETED_BY, NAME, POLYGON_GEOMETRY)
values ('0007cc30-a0e2-36b2-5952-dccac1e09956', 1, '2016-11-15 13:23:24', 'admin', '2016-11-15 13:23:24',
null, null, null, 'New York',
'POLYGON ((-79.771728515625 42.53689200787315, -79.771728515625 42.00848901572399, -75.41015625 42.00032514831621,
-75.25634765625 41.85319643776675, -75.069580078125 41.81226714359981, -75.08056640625 41.57436130598913,
-74.915771484375 41.45096140120389, -74.72900390625 41.40977583200956, -73.89678955078125 40.99441099943952,
-74.04373168945312 40.65147128144057, -74.1796875 40.64521960545374, -74.20578002929688 40.6306300839918,
-74.21401977539062 40.558678010242645, -74.25247192382812 40.5158872102296, -74.25384521484375 40.49500373230525,
-74.23187255859375 40.478292268560175, -73.94622802734375 40.527370351380384, -73.88580322265625 40.490826256468054,
-73.1085205078125 40.59727063442024, -71.74072265625 41.08142149109681, -71.773681640625 41.17451935556442,
-71.90277099609375 41.306697618181865, -73.61114501953125 40.955011330486215, -73.663330078125 40.99441099943952,
-73.65921020507812 41.01824673528659, -73.72650146484375 41.105225732223445, -73.4820556640625 41.20345619205131,
-73.54248046875 41.290189955885644, -73.49853515625 42.03705430188381, -73.5150146484375 42.09822241118974,
-73.2733154296875 42.759112837243585, -73.2623291015625 43.52465500687186, -73.311767578125 43.636075155965784,
-73.4051513671875 43.568451798812184, -73.4820556640625 43.60426186809618, -73.3721923828125 43.76712702120528,
-73.465576171875 44.036269809534616, -73.355712890625 44.33956524809714, -73.3721923828125 44.78183504339988,
-73.399658203125 45.00753503123719, -74.7015380859375 44.99976701918128, -75.1080322265625 44.89090425391711,
-75.8001708984375 44.44946753600694, -75.95947265625 44.33956524809714, -76.1407470703125 44.288469027276506,
-76.1572265625 44.23732831822538, -76.234130859375 44.190082025040525, -76.2945556640625 44.19795903948531,
-76.343994140625 44.134913443750726, -76.44287109375 44.08758502824516, -76.7999267578125 43.620170616189895,
-78.70742797851568 43.63806292753483, -79.16679382324224 43.43995745973526, -79.00096893310553 43.04430359661548,
-78.6813354492188 42.93631775765237, -79.771728515625 42.53689200787315))');

insert into SAMPLE_TERRITORY
(ID, VERSION, CREATE_TS, CREATED_BY, UPDATE_TS, UPDATED_BY, DELETE_TS, DELETED_BY, NAME, POLYGON_GEOMETRY)
values ('8c2d8474-f390-d7c1-c655-07e5485e0793', 2, '2016-11-15 13:20:04', 'admin', '2016-11-15 13:26:36', 'admin',
null, null, 'Pennsylvania', 'POLYGON ((-79.793701171875 42.52069952914966, -79.7607421875 41.9921602333763,
-75.35797119140625 41.99624282178582, -75.27557373046875 41.934976500546604, -75.2728271484375 41.871606081179394,
-75.2508544921875 41.859333574500546, -75.1849365234375 41.85524221544659, -75.113525390625 41.826595373571706,
-75.09979248046875 41.78155299890035, -75.069580078125 41.69957665997156, -75.04898071289062 41.64880139835669,
-75.07026672363281 41.61338889474736, -75.02700805664062 41.53428214049227, -74.98992919921875 41.481833430076065,
-74.91165161132812 41.460224553300456, -74.89105224609375 41.437578957201275, -74.78668212890625 41.42419375330273,
-74.74136352539062 41.42934223525294, -74.74136352539062 41.403595743146695, -74.69261169433594 41.365987538503056,
-74.7011947631836 41.35439158345757, -74.72488403320312 41.34794849344354, -74.75337982177734 41.34691753986531,
-74.76917266845703 41.326552861860506, -74.79629516601562 41.321138395239565, -74.79251861572266 41.31108176366843,
-74.83097076416016 41.287094304074884, -74.84607696533203 41.26851730884113, -74.84642028808594 41.26232380214859,
-74.84367370605469 41.25690400190248, -74.8495101928711 41.251999985566385, -74.8611831665039 41.24864439384415,
-74.87010955810547 41.22669973905051, -74.86015319824219 41.220244026689564, -74.8773193359375 41.194414804472125,
-74.88967895507812 41.1740025101182, -74.90272521972656 41.165473971527646, -74.9051284790039 41.15668583126197,
-74.92366790771484 41.14039880964585, -74.94564056396484 41.128245539581854, -74.96658325195312 41.11350344637787,
-74.98306274414062 41.109364719750964, -74.99267578125 41.0897022054374, -74.96726989746094 41.09384217129622,
-74.97962951660156 41.081939066313716, -75.00503540039062 41.06951613614495, -75.01739501953125 41.066927730193456,
-75.02426147460938 41.04310961475766, -75.0750732421875 41.0141020092601, -75.09223937988281 41.01565631208055,
-75.13206481933594 40.99181963909482, -75.13481140136719 40.974714106324654, -75.05722045898438 40.86887234464365,
-75.09841918945312 40.84913799774759, -75.08743286132812 40.81796653313175, -75.13412475585938 40.775341832372675,
-75.1739501953125 40.780541431860335, -75.19729614257812 40.74933773045482, -75.2069091796875 40.68844837985795,
-75.17807006835938 40.67386831085318, -75.20347595214844 40.645740600821476, -75.1904296875 40.622812957398224,
-75.2069091796875 40.612909950230936, -75.18974304199219 40.58840673108871, -75.0860595703125 40.54720023441049,
-75.0640869140625 40.42604212826493, -75.01739501953125 40.390488829277956, -74.98992919921875 40.40303919701655,
-74.937744140625 40.32560799973207, -74.849853515625 40.264856517201856, -74.83406066894531 40.23917784590991,
-74.77775573730469 40.2155868104582, -74.75578308105469 40.18359473454382, -74.72557067871094 40.158410030219486,
-74.73106384277344 40.1442395274115, -74.74891662597656 40.13636574835449, -74.78118896484375 40.12114052159822,
-74.81964111328125 40.12849105685408, -74.84024047851562 40.10013461308659, -74.90959167480469 40.07281723396798,
-74.95010375976562 40.064935183670286, -75.02220153808594 40.01499435375046, -75.06202697753906 40.0039498657527,
-75.07713317871094 39.979750933720716, -75.12313842773438 39.96396440280077, -75.13755798339844 39.93869836991711,
-75.12931823730469 39.89867473290113, -75.15060424804688 39.884977066231485, -75.19866943359375 39.87812720644829,
-75.24810791015625 39.855992213927564, -75.33599853515625 39.85019377385963, -75.39299011230469 39.81750249665375,
-75.41427612304688 39.79798577319723, -75.48568725585938 39.8401771327549, -75.58868408203125 39.839122664473194,
-75.69442749023438 39.81275569547812, -75.75347900390625 39.7642140375156, -75.77682495117188 39.7240885773337,
-79.48333740234375 39.71986348549764, -80.518798828125 39.73253798438173, -80.518798828125 42.32606244456202,
-80.057373046875 42.39912215986001, -79.793701171875 42.52069952914966))');

insert into SAMPLE_TERRITORY
(ID, VERSION, CREATE_TS, CREATED_BY, UPDATE_TS, UPDATED_BY, DELETE_TS, DELETED_BY, NAME, POLYGON_GEOMETRY)
values ('a60c935f-ad6a-bfb5-7b26-eaeadfd7669b', 1, '2016-11-15 13:22:46', 'admin', '2016-11-15 13:22:46', null,
null, null, 'Connecticut', 'POLYGON ((-73.6083984375 40.951899828161906, -73.67431640625 40.99026477399688,
-73.65509033203125 41.01202954845378, -73.72650146484375 41.102121320364915, -73.48480224609375 41.212754601947125,
-73.54934692382812 41.29947603002819, -73.48892211914062 42.049292638686836, -72.8173828125 42.036034334077875,
-72.81463623046875 42.00032514831621, -72.76519775390625 42.001345689029755, -72.75833129882812 42.03807425331983,
-72.58529663085938 42.02379344357796, -72.5042724609375 42.03501434990212, -71.79840087890625 42.0227732629691,
-71.79428100585938 41.41801503608025, -71.82174682617188 41.416985192723345, -71.84783935546875 41.40977583200956,
-71.84268951416016 41.392779173206286, -71.8344497680664 41.382733603569015, -71.83650970458984 41.366502866327224,
-71.83891296386719 41.35516471140717, -71.83067321777344 41.3502680793088, -71.82998657226562 41.3420202874426,
-71.85367584228516 41.32320110223851, -71.86843872070312 41.3198491702105, -71.89041137695312 41.33145127732965,
-71.90792083740234 41.30386066106877, -71.92817687988281 41.31030811235739, -72.02499389648438 41.29070588357414,
-72.0867919921875 41.25922682850889, -73.28704833984375 41.01928287604562, -73.6083984375 40.951899828161906))');

insert into SAMPLE_TERRITORY
(ID, VERSION, CREATE_TS, CREATED_BY, UPDATE_TS, UPDATED_BY, DELETE_TS, DELETED_BY, NAME, POLYGON_GEOMETRY)
values ('c85eaf94-7787-0cee-89bd-c1405de778d2', 1, '2016-11-15 13:22:06', 'admin', '2016-11-15 13:22:06', null,
null, null, 'Massachusetts', 'POLYGON ((-70.7354736328125 42.87596410238257, -70.83709716796875 42.86187308074833,
-70.9002685546875 42.89005190714458, -71.048583984375 42.85784648372956, -71.05682373046875 42.79136972365014,
-71.13922119140625 42.8215952943695, -71.18316650390625 42.79741601927622, -71.18316650390625 42.73087427928485,
-71.2408447265625 42.73894375124376, -71.29852294921875 42.69858589169842, -73.267822265625 42.74701217318067,
-73.509521484375 42.09822241118974, -73.487548828125 42.04521345501039, -71.3836669921875 42.01665183556825,
-71.38160705566406 41.89384399490223, -71.33869171142578 41.89844397625824, -71.34075164794922 41.876463297599464,
-71.3338851928711 41.861890540992405, -71.34281158447266 41.84654720840246, -71.33354187011719 41.836060480930136,
-71.34590148925781 41.82633954043522, -71.34693145751953 41.822246071217755, -71.33731842041016 41.8074050514952,
-71.34075164794922 41.80151886731471, -71.34075164794922 41.796144052975535, -71.33491516113281 41.794608308938116,
-71.33113861083984 41.788720949232065, -71.32976531982422 41.782833048804115, -71.32993698120117 41.78027292344332,
-71.26161575317383 41.7521047986789, -71.19483947753906 41.67445047616416, -71.17578506469727 41.67111667379302,
-71.17441177368164 41.6681673969973, -71.13201141357422 41.65996000266561, -71.13441467285156 41.62673502076991,
-71.14265441894531 41.623142104705046, -71.13922119140625 41.60414765107674, -71.13029479980469 41.593878050033965,
-71.11862182617188 41.49006348843993, -71.08566284179688 41.43243112846178, -70.82061767578125 41.244772343082076,
-70.477294921875 41.352072144512924, -69.99664306640625 41.2323802387414, -69.906005859375 41.83273506215261,
-70.0653076171875 42.06968462804662, -70.61737060546875 42.10229818948117, -70.850830078125 42.348395259792994,
-70.56793212890625 42.601619944327965, -70.5926513671875 42.71675017681163, -70.7354736328125 42.87596410238257))');

insert into SAMPLE_SALESPERSON
(ID, VERSION, CREATE_TS, CREATED_BY, UPDATE_TS, UPDATED_BY, DELETE_TS, DELETED_BY, NAME, PHONE, LONGITUDE, LATITUDE,
TERRITORY_ID, PHOTO_ID, POLYGON_COLOR)
values ('2001aa9f-e9c0-b8ec-b210-24b3243f595b', 3, '2016-11-15 13:20:43', 'admin', '2016-11-15 13:33:25',
'admin', null, null, 'Homer Simpson', '202-555-0143', -78.153992, 40.651472,
'8c2d8474-f390-d7c1-c655-07e5485e0793', null, '#269400');
insert into SAMPLE_SALESPERSON
(ID, VERSION, CREATE_TS, CREATED_BY, UPDATE_TS, UPDATED_BY, DELETE_TS, DELETED_BY, NAME, PHONE, LONGITUDE, LATITUDE,
TERRITORY_ID, PHOTO_ID, POLYGON_COLOR)
values ('234083a3-67b5-8cf3-cea5-87f5799200bb', 3, '2016-11-15 13:24:00', 'admin', '2016-11-15 13:26:00',
'admin', null, null, 'Marge Simpson', '202-555-0119', -71.405639, 42.273244,
'c85eaf94-7787-0cee-89bd-c1405de778d2', null, '#0000ff');
insert into SAMPLE_SALESPERSON
(ID, VERSION, CREATE_TS, CREATED_BY, UPDATE_TS, UPDATED_BY, DELETE_TS, DELETED_BY, NAME, PHONE, LONGITUDE, LATITUDE,
TERRITORY_ID, PHOTO_ID, POLYGON_COLOR)
values ('5bc61dff-4f35-66c8-5c2b-82613704876a', 2, '2016-11-15 13:24:51', 'admin', '2016-11-15 13:25:31',
'admin', null, null, 'Lenny Leonard', 'XXX-XXX-XXX', -72.660828, 41.572307,
'a60c935f-ad6a-bfb5-7b26-eaeadfd7669b', null, '#faffff');
insert into SAMPLE_SALESPERSON
(ID, VERSION, CREATE_TS, CREATED_BY, UPDATE_TS, UPDATED_BY, DELETE_TS, DELETED_BY, NAME, PHONE, LONGITUDE, LATITUDE,
TERRITORY_ID, PHOTO_ID, POLYGON_COLOR)
values ('b344b107-fb43-6fbd-23a1-bea0ab3e2066', 2, '2016-11-15 13:24:21', 'admin', '2016-11-15 13:25:20',
'admin', null, null, 'Ned Flanders', '202-555-0118', -75.083313, 42.751046,
'0007cc30-a0e2-36b2-5952-dccac1e09956', null, '#df1200');

insert into SAMPLE_ORDER
(ID, VERSION, CREATE_TS, CREATED_BY, UPDATE_TS, UPDATED_BY, DELETE_TS, DELETED_BY, AMOUNT, DATE_, SALESPERSON_ID)
values ('4b8fe0b4-e773-af4f-fee8-a1056bd0cc35', 1, '2016-11-15 13:42:11', 'admin', '2016-11-15 13:42:11', null, null, null, 10.0, '2016-11-08', 'b344b107-fb43-6fbd-23a1-bea0ab3e2066');
insert into SAMPLE_ORDER
(ID, VERSION, CREATE_TS, CREATED_BY, UPDATE_TS, UPDATED_BY, DELETE_TS, DELETED_BY, AMOUNT, DATE_, SALESPERSON_ID)
values ('4b8fe0b4-e773-af4f-fee8-a1056bd0cc36', 1, '2016-11-15 13:42:11', 'admin', '2016-11-15 13:42:11', null, null, null, 15.0, '2016-11-09', 'b344b107-fb43-6fbd-23a1-bea0ab3e2066');
insert into SAMPLE_ORDER
(ID, VERSION, CREATE_TS, CREATED_BY, UPDATE_TS, UPDATED_BY, DELETE_TS, DELETED_BY, AMOUNT, DATE_, SALESPERSON_ID)
values ('4b8fe0b4-e773-af4f-fee8-a1056bd0cc37', 1, '2016-11-15 13:42:11', 'admin', '2016-11-15 13:42:11', null, null, null, 20.0, '2016-11-10', 'b344b107-fb43-6fbd-23a1-bea0ab3e2066');
insert into SAMPLE_ORDER
(ID, VERSION, CREATE_TS, CREATED_BY, UPDATE_TS, UPDATED_BY, DELETE_TS, DELETED_BY, AMOUNT, DATE_, SALESPERSON_ID)
values ('4b8fe0b4-e773-af4f-fee8-a1056bd0cc38', 1, '2016-11-15 13:42:11', 'admin', '2016-11-15 13:42:11', null, null, null, 25.0, '2016-11-11', 'b344b107-fb43-6fbd-23a1-bea0ab3e2066');
insert into SAMPLE_ORDER
(ID, VERSION, CREATE_TS, CREATED_BY, UPDATE_TS, UPDATED_BY, DELETE_TS, DELETED_BY, AMOUNT, DATE_, SALESPERSON_ID)
values ('4b8fe0b4-e773-af4f-fee8-a1056bd0cc39', 1, '2016-11-15 13:42:11', 'admin', '2016-11-15 13:42:11', null, null, null, 30.0, '2016-11-12', 'b344b107-fb43-6fbd-23a1-bea0ab3e2066');


insert into SAMPLE_ORDER
(ID, VERSION, CREATE_TS, CREATED_BY, UPDATE_TS, UPDATED_BY, DELETE_TS, DELETED_BY, AMOUNT, DATE_, SALESPERSON_ID)
values ('059503b0-fe90-de0b-d230-90e49c5de708', 1, '2016-11-15 13:44:31', 'admin', '2016-11-15 13:44:31', null, null, null, 30.0, '2016-11-08', '234083a3-67b5-8cf3-cea5-87f5799200bb');
insert into SAMPLE_ORDER
(ID, VERSION, CREATE_TS, CREATED_BY, UPDATE_TS, UPDATED_BY, DELETE_TS, DELETED_BY, AMOUNT, DATE_, SALESPERSON_ID)
values ('059503b0-fe90-de0b-d230-90e49c5de709', 1, '2016-11-15 13:44:31', 'admin', '2016-11-15 13:44:31', null, null, null, 25.0, '2016-11-09', '234083a3-67b5-8cf3-cea5-87f5799200bb');
insert into SAMPLE_ORDER
(ID, VERSION, CREATE_TS, CREATED_BY, UPDATE_TS, UPDATED_BY, DELETE_TS, DELETED_BY, AMOUNT, DATE_, SALESPERSON_ID)
values ('059503b0-fe90-de0b-d230-90e49c5de710', 1, '2016-11-15 13:44:31', 'admin', '2016-11-15 13:44:31', null, null, null, 20.0, '2016-11-10', '234083a3-67b5-8cf3-cea5-87f5799200bb');
insert into SAMPLE_ORDER
(ID, VERSION, CREATE_TS, CREATED_BY, UPDATE_TS, UPDATED_BY, DELETE_TS, DELETED_BY, AMOUNT, DATE_, SALESPERSON_ID)
values ('059503b0-fe90-de0b-d230-90e49c5de711', 1, '2016-11-15 13:44:31', 'admin', '2016-11-15 13:44:31', null, null, null, 15.0, '2016-11-11', '234083a3-67b5-8cf3-cea5-87f5799200bb');
insert into SAMPLE_ORDER
(ID, VERSION, CREATE_TS, CREATED_BY, UPDATE_TS, UPDATED_BY, DELETE_TS, DELETED_BY, AMOUNT, DATE_, SALESPERSON_ID)
values ('059503b0-fe90-de0b-d230-90e49c5de712', 1, '2016-11-15 13:44:31', 'admin', '2016-11-15 13:44:31', null, null, null, 10.0, '2016-11-12', '234083a3-67b5-8cf3-cea5-87f5799200bb');

insert into SAMPLE_ORDER
(ID, VERSION, CREATE_TS, CREATED_BY, UPDATE_TS, UPDATED_BY, DELETE_TS, DELETED_BY, AMOUNT, DATE_, SALESPERSON_ID)
values ('c19d8df4-e6ba-8a9b-332e-90399e3416dd', 1, '2016-11-15 13:47:13', 'admin', '2016-11-15 13:47:13', null, null, null, 15.0, '2016-11-08', '2001aa9f-e9c0-b8ec-b210-24b3243f595b');
insert into SAMPLE_ORDER
(ID, VERSION, CREATE_TS, CREATED_BY, UPDATE_TS, UPDATED_BY, DELETE_TS, DELETED_BY, AMOUNT, DATE_, SALESPERSON_ID)
values ('c19d8df4-e6ba-8a9b-332e-90399e3416df', 1, '2016-11-15 13:47:13', 'admin', '2016-11-15 13:47:13', null, null, null, 25.0, '2016-11-09', '2001aa9f-e9c0-b8ec-b210-24b3243f595b');
insert into SAMPLE_ORDER
(ID, VERSION, CREATE_TS, CREATED_BY, UPDATE_TS, UPDATED_BY, DELETE_TS, DELETED_BY, AMOUNT, DATE_, SALESPERSON_ID)
values ('059503b0-fe90-de0b-d230-90e49c5de713', 1, '2016-11-15 13:47:13', 'admin', '2016-11-15 13:47:13', null, null, null, 10.0, '2016-11-10', '2001aa9f-e9c0-b8ec-b210-24b3243f595b');
insert into SAMPLE_ORDER
(ID, VERSION, CREATE_TS, CREATED_BY, UPDATE_TS, UPDATED_BY, DELETE_TS, DELETED_BY, AMOUNT, DATE_, SALESPERSON_ID)
values ('059503b0-fe90-de0b-d230-90e49c5de714', 1, '2016-11-15 13:47:13', 'admin', '2016-11-15 13:47:13', null, null, null, 17.0, '2016-11-11', '2001aa9f-e9c0-b8ec-b210-24b3243f595b');
insert into SAMPLE_ORDER
(ID, VERSION, CREATE_TS, CREATED_BY, UPDATE_TS, UPDATED_BY, DELETE_TS, DELETED_BY, AMOUNT, DATE_, SALESPERSON_ID)
values ('059503b0-fe90-de0b-d230-90e49c5de715', 1, '2016-11-15 13:47:13', 'admin', '2016-11-15 13:47:13', null, null, null, 33.0, '2016-11-12', '2001aa9f-e9c0-b8ec-b210-24b3243f595b');


insert into SAMPLE_ORDER
(ID, VERSION, CREATE_TS, CREATED_BY, UPDATE_TS, UPDATED_BY, DELETE_TS, DELETED_BY, AMOUNT, DATE_, SALESPERSON_ID)
values ('c6a8e63e-5d54-382e-e736-9188693af197', 1, '2016-11-15 13:48:15', 'admin', '2016-11-15 13:48:15', null, null, null, 79.0, '2016-11-08', '5bc61dff-4f35-66c8-5c2b-82613704876a');
insert into SAMPLE_ORDER
(ID, VERSION, CREATE_TS, CREATED_BY, UPDATE_TS, UPDATED_BY, DELETE_TS, DELETED_BY, AMOUNT, DATE_, SALESPERSON_ID)
values ('c6a8e63e-5d54-382e-e736-9188693af198', 1, '2016-11-15 13:48:15', 'admin', '2016-11-15 13:48:15', null, null, null, 19.0, '2016-11-09', '5bc61dff-4f35-66c8-5c2b-82613704876a');
insert into SAMPLE_ORDER
(ID, VERSION, CREATE_TS, CREATED_BY, UPDATE_TS, UPDATED_BY, DELETE_TS, DELETED_BY, AMOUNT, DATE_, SALESPERSON_ID)
values ('c6a8e63e-5d54-382e-e736-9188693af199', 1, '2016-11-15 13:48:15', 'admin', '2016-11-15 13:48:15', null, null, null, 23.0, '2016-11-10', '5bc61dff-4f35-66c8-5c2b-82613704876a');
insert into SAMPLE_ORDER
(ID, VERSION, CREATE_TS, CREATED_BY, UPDATE_TS, UPDATED_BY, DELETE_TS, DELETED_BY, AMOUNT, DATE_, SALESPERSON_ID)
values ('c6a8e63e-5d54-382e-e736-9188693af200', 1, '2016-11-15 13:48:15', 'admin', '2016-11-15 13:48:15', null, null, null, 31.0, '2016-11-11', '5bc61dff-4f35-66c8-5c2b-82613704876a');
insert into SAMPLE_ORDER
(ID, VERSION, CREATE_TS, CREATED_BY, UPDATE_TS, UPDATED_BY, DELETE_TS, DELETED_BY, AMOUNT, DATE_, SALESPERSON_ID)
values ('c6a8e63e-5d54-382e-e736-9188693af201', 1, '2016-11-15 13:48:15', 'admin', '2016-11-15 13:48:15', null, null, null, 12.0, '2016-11-12', '5bc61dff-4f35-66c8-5c2b-82613704876a');
