insert into SAMPLE_TERRITORY
(ID, VERSION, CREATE_TS, CREATED_BY, UPDATE_TS, UPDATED_BY, DELETE_TS, DELETED_BY, NAME, POLYGON_GEOMETRY)
values ('0007cc30-a0e2-36b2-5952-dccac1e09956', 1, '2016-11-15 13:23:24', 'admin', '2016-11-15 13:23:24',
null, null, null, 'West NY',
'POLYGON ((-74.06982421875 40.64730356252251, -74.1851806640625 40.65147128144057,
-74.20166015625 40.622291783092706, -74.2236328125 40.56389453066509, -74.2730712890625 40.5158872102296,
-74.3499755859375 40.509622849596695, -74.56146240234375 40.53885152535467, -74.63836669921875 40.62854560636587,
-74.70703125 40.765981527712825, -74.696044921875 40.89067715064627, -74.5751953125 40.90936126702326,
-74.4488525390625 40.871987756697415, -74.40765380859375 40.89482963261175, -74.31976318359375 40.955011330486215,
-74.28131103515625 41.01513821521512, -74.190673828125 41.07313973329343, -74.1522216796875 41.12902134749509,
-74.0753173828125 41.17451935556442, -73.9874267578125 41.188989372424736, -73.916015625 41.15797827873605,
-73.9105224609375 41.07106913080641, -73.91326904296875 41.023427276088945, -73.90777587890625 40.98404494692811,
-73.9434814453125 40.91143695415643, -73.95721435546875 40.84913799774759, -73.9984130859375 40.7909394098518,
-74.03961181640625 40.728527124205996, -74.06982421875 40.64730356252251))');

insert into SAMPLE_TERRITORY
(ID, VERSION, CREATE_TS, CREATED_BY, UPDATE_TS, UPDATED_BY, DELETE_TS, DELETED_BY, NAME, POLYGON_GEOMETRY)
values ('8c2d8474-f390-d7c1-c655-07e5485e0793', 2, '2016-11-15 13:20:04', 'admin', '2016-11-15 13:26:36', 'admin',
null, null, 'East NY', 'POLYGON ((-73.267822265625 40.9218144123785, -73.38592529296875 40.950862628132775,
-73.63861083984375 40.90313381465847, -73.7841796875 40.834593138080244, -73.8555908203125 40.77638178482896,
-73.94794464111334 40.763121171621314, -73.97163391113287 40.70094304347228, -74.0093994140625 40.67647212850004,
-74.0423583984375 40.64938745451835, -74.0478515625 40.60561205826018, -73.992919921875 40.58684239087908,
-73.89678955078125 40.58267063809529, -73.84735107421875 40.64730356252251, -73.7841796875 40.6306300839918,
-73.7567138671875 40.57849862511043, -73.553466796875 40.58058466412762, -73.3062744140625 40.632714496550626,
-73.2293701171875 40.64938745451835, -73.12774658203125 40.701463603604594, -72.85308837890625 40.73268976628568,
-72.7679443359375 40.78678041401646, -72.608642578125 40.79509814519895, -72.4932861328125 40.844982649254035,
-72.2955322265625 40.89275342420696, -71.8450927734375 41.0607151401866, -71.88629150390625 41.09591205639547,
-71.9659423828125 41.064856932068864, -72.1087646484375 40.99855696412671, -72.1527099609375 41.064856932068864,
-72.24609375 41.04828819952275, -72.257080078125 41.01099329360268, -72.31475830078125 41.03793062246529,
-72.47955322265625 40.91143695415643, -72.5701904296875 40.932190241465634, -72.46307373046875 40.9964840143779,
-72.421875 40.98819156349393, -72.421875 41.027571415339786, -72.36968994140625 41.03793062246529,
-72.388916015625 41.066927730193456, -72.23785400390625 41.13729606112276, -72.24334716796875 41.16831694107577,
-72.38067626953125 41.12488359929119, -72.45208740234375 41.08556197870255, -72.5592041015625 41.01721057822843,
-72.68280029296875 40.98197154086656, -72.82562255859375 40.97160353279909, -73.0865478515625 40.979898069620134,
-73.1634521484375 40.969529735638325, -73.16070556640625 40.932190241465634, -73.212890625 40.91558813293605,
-73.267822265625 40.9218144123785))');

insert into SAMPLE_TERRITORY
(ID, VERSION, CREATE_TS, CREATED_BY, UPDATE_TS, UPDATED_BY, DELETE_TS, DELETED_BY, NAME, POLYGON_GEOMETRY)
values ('a60c935f-ad6a-bfb5-7b26-eaeadfd7669b', 1, '2016-11-15 13:22:46', 'admin', '2016-11-15 13:22:46', null,
null, null, 'South NY', 'POLYGON ((-74.0533447265625 40.60456943720527, -74.08355712890625 40.65147128144057,
-74.1796875 40.643135583312805, -74.20166015625 40.5920567159421, -74.24835205078125 40.522150985623796,
-74.31427001953125 40.500225211369006, -74.366455078125 40.47620304302563, -74.46258544921875 40.50857873259441,
-74.57656860351562 40.55554790286311, -74.61502075195312 40.54615670268551, -74.63287353515625 40.51066695034288,
-74.6575927734375 40.49187064980917, -74.66445922851562 40.452172276813506, -74.65484619140625 40.408267826445226,
-74.65072631835938 40.39258071969132, -74.61639404296875 40.365381076021734, -74.5806884765625 40.421860362045194,
-74.50927734375 40.45426224994321, -74.42550659179688 40.44590196740629, -74.22775268554688 40.42290582797254,
-74.256591796875 40.46889024168825, -74.267578125 40.487692978918865, -74.20166015625 40.506490449822046,
-74.15496826171875 40.52945798388008, -74.124755859375 40.52841417575912, -74.0533447265625 40.60456943720527))');

insert into SAMPLE_TERRITORY
(ID, VERSION, CREATE_TS, CREATED_BY, UPDATE_TS, UPDATED_BY, DELETE_TS, DELETED_BY, NAME, POLYGON_GEOMETRY)
values ('c85eaf94-7787-0cee-89bd-c1405de778d2', 1, '2016-11-15 13:22:06', 'admin', '2016-11-15 13:22:06', null,
null, null, 'North NY', 'POLYGON ((-74.02313232421875 40.68063802521457, -73.9654541015625 40.71811937975345,
-73.9544677734375 40.75557964275589, -73.905029296875 40.804454347291006, -73.8336181640625 40.80965166748853,
-73.80203247070312 40.82004508671651, -73.81439208984375 40.85848657915526, -73.78555297851562 40.865756786006806,
-73.77731323242188 40.88963898943264, -73.68667602539062 40.951899828161906, -73.63174438476562 41.00684811121359,
-73.56307983398438 40.99337446752447, -73.6962890625 41.12902134749509, -73.795166015625 41.132124487416256,
-73.88031005859375 41.106260503564485, -73.8775634765625 41.03689477510443, -73.89129638671875 40.97678774053034,
-73.90914916992188 40.923889708529444, -73.93112182617188 40.869910831615364, -73.98468017578125 40.78782018739577,
-74.02313232421875 40.753499070431374, -74.01763916015625 40.72124187397379, -74.02313232421875 40.68063802521457))');

insert into SAMPLE_SALESPERSON
(ID, VERSION, CREATE_TS, CREATED_BY, UPDATE_TS, UPDATED_BY, DELETE_TS, DELETED_BY, NAME, PHONE, LONGITUDE, LATITUDE,
TERRITORY_ID, PHOTO_ID, POLYGON_COLOR)
values ('2001aa9f-e9c0-b8ec-b210-24b3243f595b', 3, '2016-11-15 13:20:43', 'admin', '2016-11-15 13:33:25',
'admin', null, null, 'BO', '202-555-0143', -73.2540893554688, 40.80133575979202,
'8c2d8474-f390-d7c1-c655-07e5485e0793', null, '#269400');
insert into SAMPLE_SALESPERSON
(ID, VERSION, CREATE_TS, CREATED_BY, UPDATE_TS, UPDATED_BY, DELETE_TS, DELETED_BY, NAME, PHONE, LONGITUDE, LATITUDE,
TERRITORY_ID, PHOTO_ID, POLYGON_COLOR)
values ('234083a3-67b5-8cf3-cea5-87f5799200bb', 3, '2016-11-15 13:24:00', 'admin', '2016-11-15 13:26:00',
'admin', null, null, 'HK', '202-555-0119', -73.80065917968756, 40.97575093157539,
'c85eaf94-7787-0cee-89bd-c1405de778d2', null, '#0000ff');
insert into SAMPLE_SALESPERSON
(ID, VERSION, CREATE_TS, CREATED_BY, UPDATE_TS, UPDATED_BY, DELETE_TS, DELETED_BY, NAME, PHONE, LONGITUDE, LATITUDE,
TERRITORY_ID, PHOTO_ID, POLYGON_COLOR)
values ('5bc61dff-4f35-66c8-5c2b-82613704876a', 2, '2016-11-15 13:24:51', 'admin', '2016-11-15 13:25:31',
'admin', null, null, 'INC', 'XXX-XXX-XXX', -74.34173583984375, 40.45321727150385,
'a60c935f-ad6a-bfb5-7b26-eaeadfd7669b', null, '#faffff');
insert into SAMPLE_SALESPERSON
(ID, VERSION, CREATE_TS, CREATED_BY, UPDATE_TS, UPDATED_BY, DELETE_TS, DELETED_BY, NAME, PHONE, LONGITUDE, LATITUDE,
TERRITORY_ID, PHOTO_ID, POLYGON_COLOR)
values ('b344b107-fb43-6fbd-23a1-bea0ab3e2066', 2, '2016-11-15 13:24:21', 'admin', '2016-11-15 13:25:20',
'admin', null, null, 'DT', '202-555-0118', -74.18243408203125, 40.81796653313175,
'0007cc30-a0e2-36b2-5952-dccac1e09956', null, '#df1200');

insert into SAMPLE_ORDER
(ID, VERSION, CREATE_TS, CREATED_BY, UPDATE_TS, UPDATED_BY, DELETE_TS, DELETED_BY, AMOUNT, DATE_, SALESPERSON_ID)
values ('4b8fe0b4-e773-af4f-fee8-a1056bd0cc35', 1, '2016-11-15 13:42:11', 'admin', '2016-11-15 13:42:11', null, null, null, 10.0, '2016-11-08', 'b344b107-fb43-6fbd-23a1-bea0ab3e2066');
insert into SAMPLE_ORDER
(ID, VERSION, CREATE_TS, CREATED_BY, UPDATE_TS, UPDATED_BY, DELETE_TS, DELETED_BY, AMOUNT, DATE_, SALESPERSON_ID)
values ('4b8fe0b4-e773-af4f-fee8-a1056bd0cc36', 1, '2016-11-15 13:42:11', 'admin', '2016-11-15 13:42:11', null, null, null, 15.0, '2016-11-09', 'b344b107-fb43-6fbd-23a1-bea0ab3e2066');
insert into SAMPLE_ORDER
(ID, VERSION, CREATE_TS, CREATED_BY, UPDATE_TS, UPDATED_BY, DELETE_TS, DELETED_BY, AMOUNT, DATE_, SALESPERSON_ID)
values ('4b8fe0b4-e773-af4f-fee8-a1056bd0cc37', 1, '2016-11-15 13:42:11', 'admin', '2016-11-15 13:42:11', null, null, null, 20.0, '2016-11-10', 'b344b107-fb43-6fbd-23a1-bea0ab3e2066');
insert into SAMPLE_ORDER
(ID, VERSION, CREATE_TS, CREATED_BY, UPDATE_TS, UPDATED_BY, DELETE_TS, DELETED_BY, AMOUNT, DATE_, SALESPERSON_ID)
values ('4b8fe0b4-e773-af4f-fee8-a1056bd0cc38', 1, '2016-11-15 13:42:11', 'admin', '2016-11-15 13:42:11', null, null, null, 25.0, '2016-11-11', 'b344b107-fb43-6fbd-23a1-bea0ab3e2066');
insert into SAMPLE_ORDER
(ID, VERSION, CREATE_TS, CREATED_BY, UPDATE_TS, UPDATED_BY, DELETE_TS, DELETED_BY, AMOUNT, DATE_, SALESPERSON_ID)
values ('4b8fe0b4-e773-af4f-fee8-a1056bd0cc39', 1, '2016-11-15 13:42:11', 'admin', '2016-11-15 13:42:11', null, null, null, 30.0, '2016-11-12', 'b344b107-fb43-6fbd-23a1-bea0ab3e2066');


insert into SAMPLE_ORDER
(ID, VERSION, CREATE_TS, CREATED_BY, UPDATE_TS, UPDATED_BY, DELETE_TS, DELETED_BY, AMOUNT, DATE_, SALESPERSON_ID)
values ('059503b0-fe90-de0b-d230-90e49c5de708', 1, '2016-11-15 13:44:31', 'admin', '2016-11-15 13:44:31', null, null, null, 30.0, '2016-11-08', '234083a3-67b5-8cf3-cea5-87f5799200bb');
insert into SAMPLE_ORDER
(ID, VERSION, CREATE_TS, CREATED_BY, UPDATE_TS, UPDATED_BY, DELETE_TS, DELETED_BY, AMOUNT, DATE_, SALESPERSON_ID)
values ('059503b0-fe90-de0b-d230-90e49c5de709', 1, '2016-11-15 13:44:31', 'admin', '2016-11-15 13:44:31', null, null, null, 25.0, '2016-11-09', '234083a3-67b5-8cf3-cea5-87f5799200bb');
insert into SAMPLE_ORDER
(ID, VERSION, CREATE_TS, CREATED_BY, UPDATE_TS, UPDATED_BY, DELETE_TS, DELETED_BY, AMOUNT, DATE_, SALESPERSON_ID)
values ('059503b0-fe90-de0b-d230-90e49c5de710', 1, '2016-11-15 13:44:31', 'admin', '2016-11-15 13:44:31', null, null, null, 20.0, '2016-11-10', '234083a3-67b5-8cf3-cea5-87f5799200bb');
insert into SAMPLE_ORDER
(ID, VERSION, CREATE_TS, CREATED_BY, UPDATE_TS, UPDATED_BY, DELETE_TS, DELETED_BY, AMOUNT, DATE_, SALESPERSON_ID)
values ('059503b0-fe90-de0b-d230-90e49c5de711', 1, '2016-11-15 13:44:31', 'admin', '2016-11-15 13:44:31', null, null, null, 15.0, '2016-11-11', '234083a3-67b5-8cf3-cea5-87f5799200bb');
insert into SAMPLE_ORDER
(ID, VERSION, CREATE_TS, CREATED_BY, UPDATE_TS, UPDATED_BY, DELETE_TS, DELETED_BY, AMOUNT, DATE_, SALESPERSON_ID)
values ('059503b0-fe90-de0b-d230-90e49c5de712', 1, '2016-11-15 13:44:31', 'admin', '2016-11-15 13:44:31', null, null, null, 10.0, '2016-11-12', '234083a3-67b5-8cf3-cea5-87f5799200bb');

insert into SAMPLE_ORDER
(ID, VERSION, CREATE_TS, CREATED_BY, UPDATE_TS, UPDATED_BY, DELETE_TS, DELETED_BY, AMOUNT, DATE_, SALESPERSON_ID)
values ('c19d8df4-e6ba-8a9b-332e-90399e3416dd', 1, '2016-11-15 13:47:13', 'admin', '2016-11-15 13:47:13', null, null, null, 15.0, '2016-11-08', '2001aa9f-e9c0-b8ec-b210-24b3243f595b');
insert into SAMPLE_ORDER
(ID, VERSION, CREATE_TS, CREATED_BY, UPDATE_TS, UPDATED_BY, DELETE_TS, DELETED_BY, AMOUNT, DATE_, SALESPERSON_ID)
values ('c19d8df4-e6ba-8a9b-332e-90399e3416df', 1, '2016-11-15 13:47:13', 'admin', '2016-11-15 13:47:13', null, null, null, 25.0, '2016-11-09', '2001aa9f-e9c0-b8ec-b210-24b3243f595b');
insert into SAMPLE_ORDER
(ID, VERSION, CREATE_TS, CREATED_BY, UPDATE_TS, UPDATED_BY, DELETE_TS, DELETED_BY, AMOUNT, DATE_, SALESPERSON_ID)
values ('059503b0-fe90-de0b-d230-90e49c5de713', 1, '2016-11-15 13:47:13', 'admin', '2016-11-15 13:47:13', null, null, null, 10.0, '2016-11-10', '2001aa9f-e9c0-b8ec-b210-24b3243f595b');
insert into SAMPLE_ORDER
(ID, VERSION, CREATE_TS, CREATED_BY, UPDATE_TS, UPDATED_BY, DELETE_TS, DELETED_BY, AMOUNT, DATE_, SALESPERSON_ID)
values ('059503b0-fe90-de0b-d230-90e49c5de714', 1, '2016-11-15 13:47:13', 'admin', '2016-11-15 13:47:13', null, null, null, 17.0, '2016-11-11', '2001aa9f-e9c0-b8ec-b210-24b3243f595b');
insert into SAMPLE_ORDER
(ID, VERSION, CREATE_TS, CREATED_BY, UPDATE_TS, UPDATED_BY, DELETE_TS, DELETED_BY, AMOUNT, DATE_, SALESPERSON_ID)
values ('059503b0-fe90-de0b-d230-90e49c5de715', 1, '2016-11-15 13:47:13', 'admin', '2016-11-15 13:47:13', null, null, null, 33.0, '2016-11-12', '2001aa9f-e9c0-b8ec-b210-24b3243f595b');


insert into SAMPLE_ORDER
(ID, VERSION, CREATE_TS, CREATED_BY, UPDATE_TS, UPDATED_BY, DELETE_TS, DELETED_BY, AMOUNT, DATE_, SALESPERSON_ID)
values ('c6a8e63e-5d54-382e-e736-9188693af197', 1, '2016-11-15 13:48:15', 'admin', '2016-11-15 13:48:15', null, null, null, 79.0, '2016-11-08', '5bc61dff-4f35-66c8-5c2b-82613704876a');
insert into SAMPLE_ORDER
(ID, VERSION, CREATE_TS, CREATED_BY, UPDATE_TS, UPDATED_BY, DELETE_TS, DELETED_BY, AMOUNT, DATE_, SALESPERSON_ID)
values ('c6a8e63e-5d54-382e-e736-9188693af198', 1, '2016-11-15 13:48:15', 'admin', '2016-11-15 13:48:15', null, null, null, 19.0, '2016-11-09', '5bc61dff-4f35-66c8-5c2b-82613704876a');
insert into SAMPLE_ORDER
(ID, VERSION, CREATE_TS, CREATED_BY, UPDATE_TS, UPDATED_BY, DELETE_TS, DELETED_BY, AMOUNT, DATE_, SALESPERSON_ID)
values ('c6a8e63e-5d54-382e-e736-9188693af199', 1, '2016-11-15 13:48:15', 'admin', '2016-11-15 13:48:15', null, null, null, 23.0, '2016-11-10', '5bc61dff-4f35-66c8-5c2b-82613704876a');
insert into SAMPLE_ORDER
(ID, VERSION, CREATE_TS, CREATED_BY, UPDATE_TS, UPDATED_BY, DELETE_TS, DELETED_BY, AMOUNT, DATE_, SALESPERSON_ID)
values ('c6a8e63e-5d54-382e-e736-9188693af200', 1, '2016-11-15 13:48:15', 'admin', '2016-11-15 13:48:15', null, null, null, 31.0, '2016-11-11', '5bc61dff-4f35-66c8-5c2b-82613704876a');
insert into SAMPLE_ORDER
(ID, VERSION, CREATE_TS, CREATED_BY, UPDATE_TS, UPDATED_BY, DELETE_TS, DELETED_BY, AMOUNT, DATE_, SALESPERSON_ID)
values ('c6a8e63e-5d54-382e-e736-9188693af201', 1, '2016-11-15 13:48:15', 'admin', '2016-11-15 13:48:15', null, null, null, 12.0, '2016-11-12', '5bc61dff-4f35-66c8-5c2b-82613704876a');
